[{"model": "auth.user", "pk": 1, "fields": {"password": "pbkdf2_sha256$216000$AulK3FoGL7Cd$EM141lc3OZ0jKv3B+7rw2RamY36j82n6vxl2Yzj20kU=", "last_login": "2021-04-30T08:24:49.295Z", "is_superuser": true, "username": "MS", "first_name": "", "last_name": "", "email": "mcfsnijdewind@gmail.com", "is_staff": true, "is_active": true, "date_joined": "2021-04-16T15:19:29.559Z", "groups": [], "user_permissions": []}}, {"model": "sessions.session", "pk": "0ko0cvrec16816uavgfcthp054trcj9w", "fields": {"session_data": "e30:1lcOSS:I3WPWS0RgAvaP_gZM4EMqMNWsXrEeq4KLGT4-gGR1KI", "expire_date": "2021-05-14T08:25:08.875Z"}}, {"model": "sessions.session", "pk": "4wsp3ky5egcucm2f5j4ih058u7zhql3r", "fields": {"session_data": ".eJxVjEEOwiAQRe_C2hChUgaX7j0DGZgZqRpISrsy3l2bdKHb_977LxVxXUpcO89xInVWRh1-t4T5wXUDdMd6azq3usxT0puid9r1tRE_L7v7d1Cwl289gPijteSNQQFMA0qAEwKJZQ4sGLyzhtgZoTCARQs-pwxmFIdjcur9AfRKOHQ:1lXQI9:eDc7XLitE7W9IInz6OVW9VcjLxug1xjBUVsUSjdM6HU", "expire_date": "2021-04-30T15:21:57.831Z"}}, {"model": "sites.site", "pk": 1, "fields": {"domain": "example.com", "name": "example.com"}}, {"model": "products.category", "pk": 1, "fields": {"name": "canvas", "friendly_name": "Canvas"}}, {"model": "products.category", "pk": 2, "fields": {"name": "wood", "friendly_name": "Wood"}}, {"model": "products.category", "pk": 3, "fields": {"name": "aluminium", "friendly_name": "Aluminium"}}, {"model": "products.category", "pk": 4, "fields": {"name": "plexiglass", "friendly_name": "Plexiglass"}}, {"model": "products.category", "pk": 5, "fields": {"name": "objects", "friendly_name": "Objects"}}, {"model": "products.category", "pk": 6, "fields": {"name": "Specials", "friendly_name": "Specials"}}, {"model": "products.category", "pk": 7, "fields": {"name": "diptych_canvas", "friendly_name": "Diptych canvas"}}, {"model": "products.category", "pk": 8, "fields": {"name": "diptych_wood", "friendly_name": "Diptych wood"}}, {"model": "products.category", "pk": 9, "fields": {"name": "diptych_aluminium", "friendly_name": "Diptych aluminium"}}, {"model": "products.category", "pk": 10, "fields": {"name": "diptych_plexiglass", "friendly_name": "Diptych plexiglass"}}, {"model": "products.product", "pk": 1, "fields": {"category": 1, "sku": "1000", "name": "Canvas square", "description": "Small canvas square with personalized facial artwork on a dark background", "price": "100.00", "size": 1, "image": "vierkant_zwart_s.png"}}, {"model": "products.product", "pk": 2, "fields": {"category": 1, "sku": "1002", "name": "Canvas square", "description": "Medium canvas square with personalized facial artwork on a dark background", "price": "250.00", "size": 2, "image": "vierkant_zwart_m.png"}}, {"model": "products.product", "pk": 3, "fields": {"category": 1, "sku": "1003", "name": "Canvas square", "description": "Large canvas square with personalized facial artwork on a dark background", "price": "450.00", "size": 3, "image": "vierkant_zwart_l.png"}}, {"model": "products.product", "pk": 4, "fields": {"category": 2, "sku": "1005", "name": "Wooden square", "description": "Medium wooden square with personalized facial artwork on a dark background", "price": "275.00", "size": 2, "image": "vierkant_hout_m.png"}}, {"model": "products.product", "pk": 5, "fields": {"category": 2, "sku": "1006", "name": "Wooden square", "description": "Large wooden square with personalized facial artwork on a dark background", "price": "375.00", "size": 3, "image": "vierkant_hout_l.png"}}, {"model": "products.product", "pk": 6, "fields": {"category": 3, "sku": "1007", "name": "Aluminium square", "description": "Small aluminium square with personalized facial artwork", "price": "125.00", "size": 1, "image": "vierkant_grijs_s.png"}}, {"model": "products.product", "pk": 7, "fields": {"category": 3, "sku": "1008", "name": "Aluminium square", "description": "Medium aluminium square with personalized facial artwork", "price": "275.00", "size": 2, "image": "vierkant_grijs_m.png"}}, {"model": "products.product", "pk": 8, "fields": {"category": 3, "sku": "1009", "name": "Aluminium square", "description": "Large aluminium square with personalized facial artwork", "price": "375.00", "size": 3, "image": "vierkant_grijs_l.png"}}, {"model": "products.product", "pk": 9, "fields": {"category": 4, "sku": "1010", "name": "Plexiglass square", "description": "Small square with personalized facial artwork on a dark plexiglass", "price": "150.00", "size": 1, "image": "vierkant_grijs_s.png"}}, {"model": "products.product", "pk": 10, "fields": {"category": 4, "sku": "1011", "name": "Plexiglass square", "description": "Medium square with personalized facial artwork on a dark plexiglass", "price": "225.00", "size": 2, "image": "vierkant_grijs_m.png"}}, {"model": "products.product", "pk": 11, "fields": {"category": 4, "sku": "1012", "name": "Plexiglass square", "description": "Large square with personalized facial artwork on a dark plexiglass", "price": "325.00", "size": 3, "image": "vierkant_grijs_l.png"}}, {"model": "products.product", "pk": 12, "fields": {"category": 7, "sku": "1013", "name": "diptych canvas", "description": "Two small canvasses with personalized facial artwork on a dark background. The two sides can be personilized with different faces", "price": "250.00", "size": 4, "image": "tweeluik_zwart_s.png"}}, {"model": "products.product", "pk": 13, "fields": {"category": 7, "sku": "1014", "name": "diptych canvas", "description": "Two medium canvasses with personalized facial artwork on a dark background. The two sides can be personilized with different faces", "price": "350.00", "size": 5, "image": "tweeluik_zwart_m.png"}}, {"model": "products.product", "pk": 14, "fields": {"category": 7, "sku": "1015", "name": "Diptych canvas", "description": "Two large canvasses with personalized facial artwork on a dark background. The two sides can be personilized with different faces", "price": "450.00", "size": 6, "image": "tweeluik_zwart_l.png"}}, {"model": "products.product", "pk": 15, "fields": {"category": 8, "sku": "1013", "name": "Diptych wood", "description": "Two small wooden plates with personalized facial artwork on a dark background. The two sides can be personilized with different faces", "price": "300.00", "size": 4, "image": "tweeluik_hout_s.png"}}, {"model": "products.product", "pk": 16, "fields": {"category": 8, "sku": "1014", "name": "Diptych wood", "description": "Two medium wooden plates with personalized facial artwork on a dark background. The two sides can be personilized with different faces", "price": "450.00", "size": 5, "image": "tweeluik_hout_m.png"}}, {"model": "products.product", "pk": 17, "fields": {"category": 8, "sku": "1015", "name": "Diptych wood", "description": "Two large wooden plates with personalized facial artwork on a dark background. The two sides can be personilized with different faces", "price": "600.00", "size": 6, "image": "tweeluik_hout_l.png"}}, {"model": "products.product", "pk": 18, "fields": {"category": 5, "sku": "1016", "name": "Glass", "description": "How about a personalized glass?", "price": "15.00", "size": 0, "image": "cup.png"}}, {"model": "products.product", "pk": 19, "fields": {"category": 6, "sku": "1017", "name": "Black cup with your own landmarked face on it!", "description": "", "price": "15.00", "size": 0, "image": "glass.png"}}, {"model": "products.product", "pk": 20, "fields": {"category": 9, "sku": "1015", "name": "Diptych aluminium", "description": "Two large aluminium plates with personalized facial artwork on a dark background. The two sides can be personilized with different faces", "price": "525.00", "size": 6, "image": "tweeluik_grijs_l.png"}}, {"model": "products.product", "pk": 21, "fields": {"category": 10, "sku": "1013", "name": "Diptych plexiglass", "description": "Two small plexiglass plates with personalized facial artwork on a dark background. The two sides can be personilized with different faces", "price": "275.00", "size": 4, "image": "tweeluik_grijs_s.png"}}, {"model": "products.product", "pk": 22, "fields": {"category": 10, "sku": "1014", "name": "Diptych plexiglass", "description": "Two medium plexiglass plates with personalized facial artwork on a dark background. The two sides can be personilized with different faces", "price": "375.00", "size": 5, "image": "tweeluik_grijs_m.png"}}, {"model": "products.product", "pk": 23, "fields": {"category": 10, "sku": "1015", "name": "Diptych plexiglass", "description": "Two large plexiglass plates with personalized facial artwork on a dark background. The two sides can be personilized with different faces", "price": "475.00", "size": 6, "image": "tweeluik_grijs_l.png"}}, {"model": "products.size", "pk": 0, "fields": {"name": "other", "friendly_name": "other", "dimension": ""}}, {"model": "products.size", "pk": 1, "fields": {"name": "small", "friendly_name": "Small", "dimension": "40cm * 40cm"}}, {"model": "products.size", "pk": 2, "fields": {"name": "medium", "friendly_name": "Medium", "dimension": "50cm * 50cm"}}, {"model": "products.size", "pk": 3, "fields": {"name": "large", "friendly_name": "Large", "dimension": "60cm * 60cm"}}, {"model": "products.size", "pk": 4, "fields": {"name": "two_small", "friendly_name": "Two small plaques", "dimension": "2 * 17,5cm * 17,5cm"}}, {"model": "products.size", "pk": 5, "fields": {"name": "two_medium", "friendly_name": "Two medium plaques", "dimension": "2 * 22,5cm * 22,5cm"}}, {"model": "products.size", "pk": 6, "fields": {"name": "two_Large", "friendly_name": "Two large plaques", "dimension": "2 * 37,5cm * 37,5cm"}}, {"model": "profiles.userprofile", "pk": 1, "fields": {"user": 1, "default_phone_number": null, "default_street_address1": null, "default_street_address2": null, "default_postcode": null, "default_town_or_city": null, "default_county": null, "default_country": null, "default_profile_pic": ""}}]